iteration,timestamp,symbols,period,interval,num_trades,win_rate,total_return_pct,avg_rr,max_drawdown_pct,composite_score,is_best,strategy_file
1,2026-03-17T20:44:03.467769+00:00,TSLA NVDA AMZN,5y,1d,42,33.33,318.56,5.485,60.98,3.185626,True,iter_001_score_3.1856.py
1,2026-03-17T20:44:55.972330+00:00,TSLA NVDA AMZN,5y,1d,42,33.33,318.56,5.485,60.98,3.185626,True,iter_001_score_3.1856.py
2,2026-03-17T20:45:07.937752+00:00,TSLA NVDA AMZN,5y,1d,42,33.33,318.56,5.485,60.98,3.185627,True,iter_002_score_3.1856.py
3,2026-03-17T20:45:19.864300+00:00,TSLA NVDA AMZN,5y,1d,42,33.33,318.56,5.485,60.98,3.185626,False,iter_003_score_3.1856.py
4,2026-03-17T20:45:31.356102+00:00,TSLA NVDA AMZN,5y,1d,42,33.33,318.56,5.485,60.98,3.185627,False,iter_004_score_3.1856.py
5,2026-03-17T20:45:42.676603+00:00,TSLA NVDA AMZN,5y,1d,42,33.33,318.56,5.485,60.98,3.185626,False,iter_005_score_3.1856.py
6,2026-03-17T20:45:54.313740+00:00,TSLA NVDA AMZN,5y,1d,42,33.33,318.56,5.485,60.98,3.185626,False,iter_006_score_3.1856.py
7,2026-03-17T20:46:05.605865+00:00,TSLA NVDA AMZN,5y,1d,42,33.33,318.56,5.485,60.98,3.185626,False,iter_007_score_3.1856.py
8,2026-03-17T20:46:17.510362+00:00,TSLA NVDA AMZN,5y,1d,42,33.33,318.56,5.485,60.98,3.185626,False,iter_008_score_3.1856.py
9,2026-03-17T20:46:29.153771+00:00,TSLA NVDA AMZN,5y,1d,42,33.33,318.56,5.485,60.98,3.185625,False,iter_009_score_3.1856.py
10,2026-03-17T20:46:40.986287+00:00,TSLA NVDA AMZN,5y,1d,42,33.33,318.56,5.485,60.98,3.185627,False,iter_010_score_3.1856.py
11,2026-03-17T20:46:52.879996+00:00,TSLA NVDA AMZN,5y,1d,42,33.33,318.56,5.485,60.98,3.185626,False,iter_011_score_3.1856.py
12,2026-03-17T20:47:04.300931+00:00,TSLA NVDA AMZN,5y,1d,42,33.33,318.56,5.485,60.98,3.185626,False,iter_012_score_3.1856.py
13,2026-03-17T20:47:15.690951+00:00,TSLA NVDA AMZN,5y,1d,42,33.33,318.56,5.485,60.98,3.185626,False,iter_013_score_3.1856.py
14,2026-03-17T20:47:27.390717+00:00,TSLA NVDA AMZN,5y,1d,42,33.33,318.56,5.485,60.98,3.185626,False,iter_014_score_3.1856.py
15,2026-03-17T20:47:39.162263+00:00,TSLA NVDA AMZN,5y,1d,42,33.33,318.56,5.485,60.98,3.185626,False,iter_015_score_3.1856.py
16,2026-03-17T20:47:51.015268+00:00,TSLA NVDA AMZN,5y,1d,42,33.33,318.56,5.485,60.98,3.185626,False,iter_016_score_3.1856.py
17,2026-03-17T20:48:04.886204+00:00,TSLA NVDA AMZN,5y,1d,42,33.33,318.56,5.485,60.98,3.185626,False,iter_017_score_3.1856.py
18,2026-03-17T20:48:16.361499+00:00,TSLA NVDA AMZN,5y,1d,42,33.33,318.56,5.485,60.98,3.185626,False,iter_018_score_3.1856.py
19,2026-03-17T20:48:27.824764+00:00,TSLA NVDA AMZN,5y,1d,42,33.33,318.56,5.485,60.98,3.185626,False,iter_019_score_3.1856.py
20,2026-03-17T20:48:39.276231+00:00,TSLA NVDA AMZN,5y,1d,42,33.33,318.56,5.485,60.98,3.185627,False,iter_020_score_3.1856.py
1,2026-03-17T20:49:25.785592+00:00,TSLA NVDA AMZN,5y,1d,42,33.33,318.56,5.485,60.98,3.185627,True,iter_001_score_3.1856.py
2,2026-03-17T20:49:37.165022+00:00,TSLA NVDA AMZN,5y,1d,42,33.33,318.56,5.485,60.98,3.185627,False,iter_002_score_3.1856.py
3,2026-03-17T20:49:48.608549+00:00,TSLA NVDA AMZN,5y,1d,42,33.33,318.56,5.485,60.98,3.185626,False,iter_003_score_3.1856.py
4,2026-03-17T20:49:59.915976+00:00,TSLA NVDA AMZN,5y,1d,42,33.33,318.56,5.485,60.98,3.185626,False,iter_004_score_3.1856.py
5,2026-03-17T20:50:12.089646+00:00,TSLA NVDA AMZN,5y,1d,42,33.33,318.56,5.485,60.98,3.185626,False,iter_005_score_3.1856.py
6,2026-03-17T20:50:23.972600+00:00,TSLA NVDA AMZN,5y,1d,42,33.33,318.56,5.485,60.98,3.185626,False,iter_006_score_3.1856.py
7,2026-03-17T20:50:35.336749+00:00,TSLA NVDA AMZN,5y,1d,42,33.33,318.56,5.485,60.98,3.185626,False,iter_007_score_3.1856.py
8,2026-03-17T20:50:46.825068+00:00,TSLA NVDA AMZN,5y,1d,42,33.33,318.56,5.485,60.98,3.185626,False,iter_008_score_3.1856.py
9,2026-03-17T20:50:58.322503+00:00,TSLA NVDA AMZN,5y,1d,42,33.33,318.56,5.485,60.98,3.185627,False,iter_009_score_3.1856.py
10,2026-03-17T20:51:10.237688+00:00,TSLA NVDA AMZN,5y,1d,42,33.33,318.56,5.485,60.98,3.185626,False,iter_010_score_3.1856.py
11,2026-03-17T20:51:22.265894+00:00,TSLA NVDA AMZN,5y,1d,42,33.33,318.56,5.485,60.98,3.185627,False,iter_011_score_3.1856.py
12,2026-03-17T20:51:33.922809+00:00,TSLA NVDA AMZN,5y,1d,42,33.33,318.56,5.485,60.98,3.185626,False,iter_012_score_3.1856.py
13,2026-03-17T20:51:45.560888+00:00,TSLA NVDA AMZN,5y,1d,42,33.33,318.56,5.485,60.98,3.185626,False,iter_013_score_3.1856.py
14,2026-03-17T20:51:57.229331+00:00,TSLA NVDA AMZN,5y,1d,42,33.33,318.56,5.485,60.98,3.185626,False,iter_014_score_3.1856.py
15,2026-03-17T20:52:09.161255+00:00,TSLA NVDA AMZN,5y,1d,42,33.33,318.56,5.485,60.98,3.185627,False,iter_015_score_3.1856.py
16,2026-03-17T20:52:20.457913+00:00,TSLA NVDA AMZN,5y,1d,42,33.33,318.56,5.485,60.98,3.185625,False,iter_016_score_3.1856.py
17,2026-03-17T20:52:31.731281+00:00,TSLA NVDA AMZN,5y,1d,42,33.33,318.56,5.485,60.98,3.185626,False,iter_017_score_3.1856.py
18,2026-03-17T20:52:43.019450+00:00,TSLA NVDA AMZN,5y,1d,42,33.33,318.56,5.485,60.98,3.185627,False,iter_018_score_3.1856.py
19,2026-03-17T20:52:54.482546+00:00,TSLA NVDA AMZN,5y,1d,42,33.33,318.56,5.485,60.98,3.185626,False,iter_019_score_3.1856.py
20,2026-03-17T20:53:06.072413+00:00,TSLA NVDA AMZN,5y,1d,42,33.33,318.56,5.485,60.98,3.185626,False,iter_020_score_3.1856.py
1,2026-03-17T20:53:35.960588+00:00,TSLA NVDA AMZN,5y,1d,42,33.33,318.56,5.485,60.98,3.185626,True,iter_001_score_3.1856.py
2,2026-03-17T20:54:04.897430+00:00,TSLA NVDA AMZN,5y,1d,38,28.95,286.09,6.353,58.29,2.484505,False,iter_002_score_2.4845.py
3,2026-03-17T20:54:43.022014+00:00,TSLA NVDA AMZN,5y,1d,29,34.48,279.67,6.813,42.57,2.893104,False,iter_003_score_2.8931.py
4,2026-03-17T20:55:27.035556+00:00,TSLA NVDA AMZN,5y,1d,20,25.0,139.07,6.892,38.15,1.043049,False,iter_004_score_1.0430.py
5,2026-03-17T20:56:06.576737+00:00,TSLA NVDA AMZN,5y,1d,35,28.57,228.36,6.08,40.04,1.957411,False,iter_005_score_1.9574.py
6,2026-03-17T20:56:48.544088+00:00,TSLA NVDA AMZN,5y,1d,19,31.58,186.41,7.329,53.64,1.765956,False,iter_006_score_1.7660.py
7,2026-03-17T20:57:31.645777+00:00,TSLA NVDA AMZN,5y,1d,13,30.77,185.12,11.487,30.99,1.708844,False,iter_007_score_1.7088.py
8,2026-03-17T20:58:16.388016+00:00,TSLA NVDA AMZN,5y,1d,28,39.29,335.44,7.043,26.85,3.953447,True,iter_008_score_3.9534.py
9,2026-03-17T20:59:04.083901+00:00,TSLA NVDA AMZN,5y,1d,16,37.5,228.11,7.994,22.13,2.566275,False,iter_009_score_2.5663.py
10,2026-03-17T20:59:58.895015+00:00,TSLA NVDA AMZN,5y,1d,25,40.0,297.23,6.892,20.65,3.566761,False,iter_010_score_3.5668.py
11,2026-03-17T21:00:50.119216+00:00,TSLA NVDA AMZN,5y,1d,14,42.86,248.09,10.155,13.31,3.189733,False,iter_011_score_3.1897.py
12,2026-03-17T21:01:41.897416+00:00,TSLA NVDA AMZN,5y,1d,20,40.0,225.83,6.205,27.35,2.709968,False,iter_012_score_2.7100.py
14,2026-03-17T21:02:40.368080+00:00,TSLA NVDA AMZN,5y,1d,28,39.29,335.44,7.043,26.85,3.953448,True,iter_014_score_3.9534.py
15,2026-03-17T21:03:30.193358+00:00,TSLA NVDA AMZN,5y,1d,13,38.46,230.45,10.358,13.84,2.658991,False,iter_015_score_2.6590.py
16,2026-03-17T21:04:27.500737+00:00,TSLA NVDA AMZN,5y,1d,24,29.17,230.88,7.557,36.95,2.020195,False,iter_016_score_2.0202.py
17,2026-03-17T21:05:20.973885+00:00,TSLA NVDA AMZN,5y,1d,24,41.67,97.03,2.876,35.47,1.162832,False,iter_017_score_1.1628.py
19,2026-03-17T21:06:18.594034+00:00,TSLA NVDA AMZN,5y,1d,28,39.29,335.44,7.043,26.85,3.953448,False,iter_019_score_3.9534.py
20,2026-03-17T21:07:04.777667+00:00,TSLA NVDA AMZN,5y,1d,16,37.5,228.11,7.994,22.13,2.566275,False,iter_020_score_2.5663.py
